IP,Share,Read Access,Write Access
10.44.1.21,BusDev,No,No
10.44.1.21,Business,No,No
10.44.1.21,Cocoa,Yes,No
10.44.1.21,CTS,Yes,No
10.44.1.21,DeployedSoftware,Yes,No
10.44.1.21,Erusmetals,Yes,No
10.44.1.21,Finance,Yes,No
10.44.1.21,Forwarding,Yes,No
10.44.1.21,Group,Yes,No
10.44.1.21,HR,Yes,No
10.44.1.21,HSEQ,No,No
10.44.1.21,NETLOGON,Yes,No
10.44.1.21,Sage,No,No
10.44.1.21,Scans,Yes,No
10.44.1.21,Security,Yes,No
10.44.1.21,Shared,No,No
10.44.1.21,Standard,No,No
10.44.1.21,SYSVOL,Yes,No
10.44.1.21,Users,Yes,No
